{
  "total_return": -67.96630971739361,
  "annual_return": -61.90053724495298,
  "volatility": 19.00544013156128,
  "max_drawdown": 68.28915333065173,
  "sharpe": -5.359852180261415,
  "win_rate": 6.254545454545454,
  "trades": 