{
  "cagr": -0.000672110609850618,
  "sharpe": -0.3931145583521702,
  "mdd": -0.019243427647876232,
  "turnover": 7.285462856292725,
  "calmar": -0.034926761601371696,
  "win_rate": 0.4494440403200665,
  "profit_factor": 0.5605447968988886,
  "max_consecutive_losses": 19,
  "information_ratio": -0.020575487476214238,
  "total_trades": 9624,
  "avg_trade_pnl": -1.8380244329058887e-06
}