{
  "cagr": 0.009623054526512798,
  "sharpe": 0.22708925806817443,
  "mdd": -0.15109478427120815,
  "turnover": 0.0
}