{
  "cagr": -0.06749726226855812,
  "sharpe": -1.287587982220274,
  "mdd": -0.8418666055467541,
  "turnover": 1264.835693359375
}