{
  "cagr": -0.03604400627343818,
  "sharpe": -0.523582607123027,
  "mdd": -0.6252097639420814,
  "turnover": 829.16162109375
}